Row Names,instance_auroc,full_pixel_auroc,anomaly_pixel_auroc
mvtec_bottle,1.0,0.984840023762951,0.9795628221282107
mvtec_cable,0.9968140929535232,0.9841369434531398,0.9752825787683103
mvtec_capsule,0.9792580773833267,0.9895455631515928,0.9874222560608988
mvtec_carpet,0.9859550561797752,0.9905185877343777,0.9878746733375101
mvtec_grid,0.9791144527986633,0.988007521762542,0.9836612407027944
mvtec_hazelnut,1.0,0.9867675224447121,0.9791325599980797
mvtec_leather,1.0,0.9928836641156135,0.9903857925136687
mvtec_metal_nut,0.9990224828934506,0.9834029921260594,0.9792238383735195
mvtec_pill,0.9672667757774139,0.9780145616541075,0.9760532487753439
mvtec_screw,0.9877023980323837,0.9952478209316298,0.9938281237980172
mvtec_tile,0.9949494949494949,0.9571218988819478,0.9408011813936137
mvtec_toothbrush,1.0,0.98573128438009,0.9799753013101117
mvtec_transistor,0.9987499999999999,0.960984505760403,0.927437067580446
mvtec_wood,0.9912280701754386,0.9507760364458303,0.9373965800783727
mvtec_zipper,0.9950105042016807,0.9886758346501157,0.9856338367902813
Mean,0.9916714270230099,0.9811103174170074,0.973578073440612
